<?xml version="1.0" encoding="UTF-8" standalone="yes"?>
<addon id="plugin.video.pa" name="Prelinger Archives" version="1.0.0" provider-name="fraser">
    <requires>
        <import addon="xbmc.python" version="2.26.0"/>
        <import addon="script.module.routing" version="0.2.0"/>
        <import addon="script.module.requests" version="2.12.4"/>
        <import addon="script.module.beautifulsoup4" version="4.3.2"/>
        <import addon="script.module.cache" version="1.0.1"/>
    </requires>
    <extension point="xbmc.python.pluginsource" library="main.py">
        <provides>video</provides>
    </extension>
    <extension point="xbmc.addon.metadata">
        <summary lang="en_GB">Search and play free content from the Prelinger Archives</summary>
        <description lang="en_GB">Prelinger Archives was founded in 1983 by Rick Prelinger in New York City.
Over the next twenty years, it grew into a collection of over 60,000 "ephemeral" films.
Prelinger Archives remains in existence, holding approximately 11,000 digitized and videotape titles.
Its goal remains to collect, preserve, and facilitate access to films of historic significance that haven't been collected elsewhere.
        </description>
        <language>en</language>
        <platform>all</platform>
        <license>MIT</license>
        <forum>https://forum.kodi.tv/showthread.php?tid=345540</forum>
        <website>https://archive.org/details/prelinger</website>
        <email>fraser.chapman@gmail.com</email>
        <source>https://github.com/FraserChapman/plugin.video.pa</source>
        <news>v1.0.0 (18-7-19) - Initial version</news>
        <disclaimer lang="en_GB">Neither this addon nor its author are in anyway affiliated with the Prelinger Archives</disclaimer>
        <assets>
            <icon>resources/icon.png</icon>
            <fanart>resources/fanart.jpg</fanart>
            <screenshot>resources/media/ss1.jpg</screenshot>
            <screenshot>resources/media/ss2.jpg</screenshot>
            <screenshot>resources/media/ss3.jpg</screenshot>
            <screenshot>resources/media/ss4.jpg</screenshot>
            <screenshot>resources/media/ss5.jpg</screenshot>
            <screenshot>resources/media/ss6.jpg</screenshot>
        </assets>
    </extension>
</addon>
