<?xml version="1.0" encoding="UTF-8" standalone="yes"?>
<addon id="plugin.video.bfi" name="BFI Player" version="1.1.0" provider-name="fraser">
    <requires>
        <import addon="xbmc.python" version="2.25.0"/>
        <import addon="script.module.routing" version="0.2.0"/>
        <import addon="script.module.beautifulsoup4" version="4.3.2"/>
        <import addon="script.module.requests" version="2.12.4"/>
    </requires>
    <extension point="xbmc.python.pluginsource" library="main.py">
        <provides>video</provides>
    </extension>
    <extension point="xbmc.addon.metadata">
        <summary lang="en_GB">Search and play free movies from the BFI collection</summary>
        <description lang="en_GB">This add-on enables playing of videos and movies from the BFI Player website.
            It is not created, maintained or in any way affiliated with the British Film Institute.
            The add-on only provides an interface to access the free content on the BFI Player website from Kodi.
        </description>
        <language>en</language>
        <platform>all</platform>
        <license>MIT</license>
        <forum>https://forum.kodi.tv/showthread.php?tid=331302</forum>
        <website>https://player.bfi.org.uk/free</website>
        <email>fraser.chapman@gmail.com</email>
        <source>https://github.com/FraserChapman/plugin.video.bfi</source>
        <news>v1.0.4 (19-6-19) - Python 3 compatible</news>
        <disclaimer lang="en_GB">>Neither this addon nor its author are in anyway affiliated with the BFI</disclaimer>
        <assets>
            <icon>resources/icon.png</icon>
            <fanart>resources/fanart.jpg</fanart>
            <screenshot>resources/media/ss1.jpg</screenshot>
            <screenshot>resources/media/ss2.jpg</screenshot>
            <screenshot>resources/media/ss3.jpg</screenshot>
            <screenshot>resources/media/ss4.jpg</screenshot>
            <screenshot>resources/media/ss5.jpg</screenshot>
            <screenshot>resources/media/ss6.jpg</screenshot>
        </assets>
    </extension>
</addon>
